total_rows;offset;rows__id;rows__key;rows__value__rev
312;0;1,29585E+18;1,29585E+18;1-16ea36270df6b86cff266b8ff0713cfb
;;1,29585E+18;1,29585E+18;1-c865b8ec76d0222c0b823caea3a0847a
;;1,29585E+18;1,29585E+18;1-c648ae3545f544f41d1272f1d87ff8a6
;;1,29585E+18;1,29585E+18;1-4758b39bf439689f7da65955d727af78
;;1,29585E+18;1,29585E+18;1-36f9881127720acb8c8e14ec95577e7c
;;1,29585E+18;1,29585E+18;1-69b67cb7e86e51f5ef2a064c1075e21e
;;1,29585E+18;1,29585E+18;1-f54be51fb0bd7a15f345bc7c0f7fce2b
;;1,29585E+18;1,29585E+18;1-084b56df0e35d9325ca4023dc77cd46b
;;1,29585E+18;1,29585E+18;1-ca1b7731f57d75314b9a82575cd7baa7
;;1,29585E+18;1,29585E+18;1-1baeb36bcd7c9f4cb600d6be1ec68433
;;1,29585E+18;1,29585E+18;1-7bae2719f37231af6aede6858ef7946a
;;1,29585E+18;1,29585E+18;1-750fc6ef11706c52a52b8e2792bca079
;;1,29585E+18;1,29585E+18;1-eb58baa30fe71858c43c08adae1cca4e
;;1,29585E+18;1,29585E+18;1-95797f92c5f569488c6e41cab1ed0e80
;;1,29585E+18;1,29585E+18;1-8056c22da0c896d7f4c9990c64962eab
;;1,29585E+18;1,29585E+18;1-7d06dee56a5a01a3a5e0dce3b17fadf0
;;1,29585E+18;1,29585E+18;1-73053d386748ae5222803e9fc9e4bee1
;;1,29585E+18;1,29585E+18;1-159eab49b1d4533c7e3a8dbaec1b8172
;;1,29585E+18;1,29585E+18;1-2dfe36373dce67171802bc2060a03ca5
;;1,29585E+18;1,29585E+18;1-4db0328c9fd370cd29e7cb3603a3856e
;;1,29585E+18;1,29585E+18;1-3fef41cc3f59f0cab655cd3f99d15b6f
;;1,29585E+18;1,29585E+18;1-a29165c180faad447cbc1cbece9b8acd
;;1,29585E+18;1,29585E+18;1-a9f0a0243b86d0943c15175955b89fb1
;;1,29585E+18;1,29585E+18;1-9fee8c3a3dcfde7f0c32907fea79cfb3
;;1,29585E+18;1,29585E+18;1-8fb377185424035318bdcb15d5c4ea67
;;1,29585E+18;1,29585E+18;1-a9719343f4632a386b1fa992e1d3fee2
;;1,29585E+18;1,29585E+18;1-7de78c31dabe597c0de3ee4a56b771d8
;;1,29585E+18;1,29585E+18;1-f8fc9f4842b5c6980e623ed7c086189f
;;1,29585E+18;1,29585E+18;1-d52a410572d7af814227359569eb550c
;;1,29585E+18;1,29585E+18;1-cb09e8c6d58aba18e02cb8b436d83304
;;1,29585E+18;1,29585E+18;1-1a475223e5c93e9b3e22f34406ab0934
;;1,29585E+18;1,29585E+18;1-393ac70ee6c6c58e30c879ed4f62dffe
;;1,29585E+18;1,29585E+18;1-77e63985e2deecd5f1b9c9923c664b85
;;1,29585E+18;1,29585E+18;1-2174f647acda3edd858cc392c0de21ef
;;1,29585E+18;1,29585E+18;1-9d6b1ddb021d10cb64ce837a49ca8ab1
;;1,29585E+18;1,29585E+18;1-fc649f3aca0317daeebc6be32e4b15dc
;;1,29585E+18;1,29585E+18;1-a1e6f8d68f4f7f2860a966fce5a8b421
;;1,29585E+18;1,29585E+18;1-5a22993e343a22af486c0919141f12fb
;;1,29585E+18;1,29585E+18;1-3a5ce075b8dcb9dfccf1f5a878dd8ddc
;;1,29585E+18;1,29585E+18;1-84860644eed3109e2d2781afb492c6ac
;;1,29585E+18;1,29585E+18;1-75d669cde0bb79819e41d63d510d506f
;;1,29585E+18;1,29585E+18;1-270fd2e2baf7593ec787811dbb169cd0
;;1,29585E+18;1,29585E+18;1-8cd30feb2a783e30085066d137f5f0dd
;;1,29585E+18;1,29585E+18;1-1f8f8cb0a6b06958e358f825526bd34c
;;1,29585E+18;1,29585E+18;1-a36f3056fbd5e04e2f4c52183952837f
;;1,29585E+18;1,29585E+18;1-c71085b7584010c72793c54b13e2640a
;;1,29585E+18;1,29585E+18;1-95ca7a304f1e102f28c3840196e92ced
;;1,29585E+18;1,29585E+18;1-5c443fd320a1e2ef9511f4d1b67e5d4d
;;1,29585E+18;1,29585E+18;1-6ffc1ed745882566973af93c8cb519fb
;;1,29585E+18;1,29585E+18;1-94ac71d4431ab0c46e23e5cc00b022f0
;;1,29585E+18;1,29585E+18;1-d957a5a9965c8fa08b9c5a4c5b0cb186
;;1,29585E+18;1,29585E+18;1-8e7787c5c3a3e545c891b8c70c0c2ea1
;;1,29585E+18;1,29585E+18;1-d70afe2245d38f75564f504a09ee086a
;;1,29585E+18;1,29585E+18;1-733b4fa567d71a844553fcbd55cbb0b7
;;1,29585E+18;1,29585E+18;1-f21953cf205bf0ece5c74bd3b1470efe
;;1,29585E+18;1,29585E+18;1-5e6b0f8d101abd795a81d958ea920eb5
;;1,29585E+18;1,29585E+18;1-04f73b8e0a6ae9c8d7437c67fb4a65a6
;;1,29585E+18;1,29585E+18;1-6c651f8887bf3fc6ed478e29406f304f
;;1,29585E+18;1,29585E+18;1-3ffcc556985fa738f62ddb0948a17fa8
;;1,29585E+18;1,29585E+18;1-8330a390c3edc0cc89c47b812f913f81
;;1,29585E+18;1,29585E+18;1-dd92ef62a750e1a115905b69a77ce33a
;;1,29585E+18;1,29585E+18;1-46596282b75396cda37fb0b259f2302a
;;1,29585E+18;1,29585E+18;1-130e11fa32fdf362bff9732ddfe196ea
;;1,29585E+18;1,29585E+18;1-4baa08f1a617bec5743cce3eb4b1e434
;;1,29585E+18;1,29585E+18;1-1aab00c6bae4a30c71c09f3143728193
;;1,29585E+18;1,29585E+18;1-090daa785c61cf22ea1e0937111b581b
;;1,29585E+18;1,29585E+18;1-db2e8ac4300aeb561348107bae2280a7
;;1,29585E+18;1,29585E+18;1-87a971306d9f1513a906c268a0f65fd2
;;1,29585E+18;1,29585E+18;1-5a2d10ef5b600037bd028c36f95a4000
;;1,29585E+18;1,29585E+18;1-076dc67661106ad43e2a31ced3aa21f3
;;1,29585E+18;1,29585E+18;1-4f1768095bdad4b1259f788e748eb63b
;;1,29585E+18;1,29585E+18;1-b37fdaa5af3e00bda76b1b9f64ad9eb3
;;1,29585E+18;1,29585E+18;1-e3cd887596043ed9f6e6cfb31154c6e6
;;1,29585E+18;1,29585E+18;1-dc604a5bd1980016ef15da4d4c16979e
;;1,29585E+18;1,29585E+18;1-ed1db460490934054042c076b8f27be6
;;1,29585E+18;1,29585E+18;1-e6c671c616251d2f7ee6c4ffd1811e9e
;;1,29585E+18;1,29585E+18;1-ba27e70304bda67640752a74036ce3ba
;;1,29585E+18;1,29585E+18;1-859645af1e024014159e57d898fd1901
;;1,29585E+18;1,29585E+18;1-293d1c09758aaceeb7995c9fed36d70d
;;1,29585E+18;1,29585E+18;1-1cd705cbda692d06290bd7ec63b6f8a0
;;1,29585E+18;1,29585E+18;1-ec85331524f97c87af9a03e8bd172e5f
;;1,29585E+18;1,29585E+18;1-617170488397e4ce17dd1cb61defacd9
;;1,29585E+18;1,29585E+18;1-6a33d3542ddb26d6fb2c082ecc8fbd39
;;1,29585E+18;1,29585E+18;1-d5f9a1cc211f7bc2e4d4ed2faf7fe14e
;;1,29585E+18;1,29585E+18;1-fd2926e6989ea361c4a2a6ff7122bbd9
;;1,29585E+18;1,29585E+18;1-7519bf948ff7bb8910d45efd960b5177
;;1,29585E+18;1,29585E+18;1-dd113a056a42ee555c886dfcd134745c
;;1,29585E+18;1,29585E+18;1-a29fb480678d2cc021890269cda5d065
;;1,29585E+18;1,29585E+18;1-1070c98c16a2146fcca2ae0c0bbc4113
;;1,29585E+18;1,29585E+18;1-b318c40ac40bccd9cdee8bb9f74c6f70
;;1,29585E+18;1,29585E+18;1-e14ee71429112d7343007f0f1db1b3f6
;;1,29585E+18;1,29585E+18;1-948e8c063dc6d4287dc211a64af04f69
;;1,29585E+18;1,29585E+18;1-d212ead5701abeeb0fe722ad947f452c
;;1,29585E+18;1,29585E+18;1-d4929580c08df76a0b1d38fe095bf7d7
;;1,29585E+18;1,29585E+18;1-3536e10b92f5e95ca038ba17ae37ce43
;;1,29585E+18;1,29585E+18;1-2b582e4617bbed8c95f5e218c15e9dc0
;;1,29585E+18;1,29585E+18;1-525bca366265a9392a2490c2bcbc673d
;;1,29585E+18;1,29585E+18;1-410dd0894885b8580b69e296c8d61b34
;;1,29585E+18;1,29585E+18;1-07324ead5bbe64ce1d0c0b1a2697d79c
;;1,29585E+18;1,29585E+18;1-eeafefc037a7656eefe3090272f40ad9
;;1,29585E+18;1,29585E+18;1-466285cf05f15f4a2c29510fb37417c4
;;1,29585E+18;1,29585E+18;1-cae8972877cc6afd4cd5f14052717bd0
;;1,29585E+18;1,29585E+18;1-6625270962a7c0e6547f7918c6b5ab40
;;1,29585E+18;1,29585E+18;1-467199baf09bdba15e8594e162a41072
;;1,29585E+18;1,29585E+18;1-be84c074b59d7074441612edb117e571
;;1,29585E+18;1,29585E+18;1-a8b8ba549232c47e2e60f6c3b47740c2
;;1,29585E+18;1,29585E+18;1-c80efbd996614e85743e9382f8b2ad13
;;1,29585E+18;1,29585E+18;1-e30de0e596f8ba18802bedbd85fa9f05
;;1,29585E+18;1,29585E+18;1-b8d545cd4aba0223a85407ef954640b2
;;1,29585E+18;1,29585E+18;1-a4a1e605bb529c94ea91e2927e7ea4a6
;;1,29585E+18;1,29585E+18;1-173d66e0ab71571e22757d0e8b351803
;;1,29585E+18;1,29585E+18;1-aa6353134ff3866aa62f107b2662234b
;;1,29585E+18;1,29585E+18;1-3a4413a250b6d2f5048aa1517bc24c85
;;1,29585E+18;1,29585E+18;1-874e9cea72ce216ae247b7be9b5a2549
;;1,29585E+18;1,29585E+18;1-3d8c0718fcc0ca94ecdda293ba053657
;;1,29585E+18;1,29585E+18;1-19d0f755be221854f660ee8e959d694c
;;1,29585E+18;1,29585E+18;1-94b153db9329ccc99e8146baf10e7118
;;1,29585E+18;1,29585E+18;1-62ef7bf8cbbf94c1571da973c9ce65a0
;;1,29585E+18;1,29585E+18;1-b22f7ede7b58b0973c18a8d08c851b51
;;1,29585E+18;1,29585E+18;1-10822cfe5c0467a4b47e10b2da843098
;;1,29585E+18;1,29585E+18;1-9dbe85edee722b96ba98314dd7d89c44
;;1,29585E+18;1,29585E+18;1-69811083cb5cb2c1f7b729f363a1ad31
;;1,29585E+18;1,29585E+18;1-47013b8cbfbfc5dd9295a97e4756ec35
;;1,29585E+18;1,29585E+18;1-1ed0045b6ddbe7af7c670ece6eadfcd4
;;1,29585E+18;1,29585E+18;1-e1eefa570117ec883e4db9d134748455
;;1,29585E+18;1,29585E+18;1-4a7b832d370b36ac7693189dbdfce32e
;;1,29585E+18;1,29585E+18;1-436977aa4001df552dcf882302cb4d2a
;;1,29585E+18;1,29585E+18;1-cff166943c530bdac3b1c141c19d6853
;;1,29585E+18;1,29585E+18;1-fbc49732445be3125e9093e01dbd75c5
;;1,29585E+18;1,29585E+18;1-79cc0612db09c8e3ada3c6d6e36ed98c
;;1,29585E+18;1,29585E+18;1-990463e81e676d942eae96eb1e05cedb
;;1,29585E+18;1,29585E+18;1-4dfc09667f830fcd1c264b242b8cf041
;;1,29585E+18;1,29585E+18;1-17999c824c99b05ca20c435a26e64aef
;;1,29585E+18;1,29585E+18;1-82dbc7a22780923ff0ba9de981f2cb90
;;1,29585E+18;1,29585E+18;1-750965fd65b0e178ac19af968f4f32c4
;;1,29585E+18;1,29585E+18;1-edb9860247d5807d71ec254582c8d087
;;1,29585E+18;1,29585E+18;1-ecadcbea0e4f22c6c2c936f98c9a567b
;;1,29585E+18;1,29585E+18;1-07410f64154b6b84e0541aadbe656e44
;;1,29585E+18;1,29585E+18;1-1e4441ab6d68a9fd3d7529153b6ec879
;;1,29585E+18;1,29585E+18;1-676222d96e15e86644621b30cf73a3a3
;;1,29585E+18;1,29585E+18;1-cf02ed35ddef8ec76ff71d134f770ba7
;;1,29585E+18;1,29585E+18;1-4469658062073b44c9edbec61354acc2
;;1,29585E+18;1,29585E+18;1-4833a567a6b3d374f24c7b1f40ec39a0
;;1,29585E+18;1,29585E+18;1-2d70d8426ca5cb73836d490e366f0cd1
;;1,29585E+18;1,29585E+18;1-4bd5e1db0ed490ec01db5ae69f3f789d
;;1,29585E+18;1,29585E+18;1-1ff6fb3fa42fe1478891cb039e431ce8
;;1,29585E+18;1,29585E+18;1-db32ce44c2e7375e06a9f065017cced8
;;1,29585E+18;1,29585E+18;1-9f9a77af4ef2c04189d647420f133794
;;1,29585E+18;1,29585E+18;1-89a818f8cdc830eaf2533b340e2de60d
;;1,29585E+18;1,29585E+18;1-5076818b7ad2c40b7a0f177b17144e5a
;;1,29585E+18;1,29585E+18;1-43dd70a40f23bbca249067b9f8cb69d2
;;1,29585E+18;1,29585E+18;1-a8768927e22371aaa38c7bf8533d0af5
;;1,29585E+18;1,29585E+18;1-85f1d548a620fc9b353fb3991d3435e2
;;1,29585E+18;1,29585E+18;1-07bc65a29257ff737931efc92a512fb6
;;1,29585E+18;1,29585E+18;1-c553f7e8cc5780196bab2348d0359377
;;1,29585E+18;1,29585E+18;1-67d9ea32dd3d3aeedbd8e44b3af85c97
;;1,29585E+18;1,29585E+18;1-37419ab204daaa42a72e698fd18fdacd
;;1,29585E+18;1,29585E+18;1-1f1414c78a50c50880d73a7b5f312288
;;1,29585E+18;1,29585E+18;1-ecc9999e6d41f46e06f728059a42dfda
;;1,29585E+18;1,29585E+18;1-8baed41b75792fc3f2d67532d67379ed
;;1,29585E+18;1,29585E+18;1-640b3f5d69e6e08da5e9ff7459c83be5
;;1,29585E+18;1,29585E+18;1-3fdd7e202d341762830bf02fc7eba5da
;;1,29585E+18;1,29585E+18;1-5d4ace7e48044737e90f600a1786f90a
;;1,29585E+18;1,29585E+18;1-83c340847a2cdb69668998485da51374
;;1,29585E+18;1,29585E+18;1-fd62d90d1deebd59f5681b52befaf7d9
;;1,29585E+18;1,29585E+18;1-985ee7922e5b1914c72a7bd491fabf24
;;1,29585E+18;1,29585E+18;1-a8e39b64084543425ece2c47d607cc2a
;;1,29585E+18;1,29585E+18;1-7317ab2d933e3cd1017f6bd8213a57a9
;;1,29585E+18;1,29585E+18;1-ae168edbd1f951ff02405c15e4b31581
;;1,29585E+18;1,29585E+18;1-5ebe748968d34c1ab9bdf8f557117b51
;;1,29585E+18;1,29585E+18;1-23b63810c739c2e9e8f8957ac70476e4
;;1,29585E+18;1,29585E+18;1-d1fef9414e3c9714f48e383108940ed4
;;1,29585E+18;1,29585E+18;1-7b87498ce980947f7f4536e4534ef22a
;;1,29585E+18;1,29585E+18;1-fc76ce37b542f2099f2494d07984f00b
;;1,29585E+18;1,29585E+18;1-cfc1693605c34a913214be7c1e7979d0
;;1,29585E+18;1,29585E+18;1-b2a5136e1235360cac3bd32dc9ff6f6d
;;1,29585E+18;1,29585E+18;1-03e2994f8bd6b860831a106e3fe93c30
;;1,29585E+18;1,29585E+18;1-ab7a507ab0b4ea59841ea6beeb3fcbc6
;;1,29585E+18;1,29585E+18;1-f57495d5c893540dae7bbdbd8fb2a7ba
;;1,29585E+18;1,29585E+18;1-50c6497758d0c7c32f163904bb1b8777
;;1,29585E+18;1,29585E+18;1-a0e9f390a84e94e5d7d633b82b20e824
;;1,29585E+18;1,29585E+18;1-bc7c9bf8334a098049ee96babd350b2d
;;1,29585E+18;1,29585E+18;1-1899e1b9d157e8de2b320812358ce6ec
;;1,29585E+18;1,29585E+18;1-a817e3aa40531fc9384a3f297dad1d7c
;;1,29585E+18;1,29585E+18;1-e81a34d0a4d68c4bf5d8ce05f0a0ec69
;;1,29585E+18;1,29585E+18;1-df0f05dddd6ef80f111f8f670fa7010a
;;1,29585E+18;1,29585E+18;1-c39de6f6c32787e4a31ab511ec0ba500
;;1,29585E+18;1,29585E+18;1-97e8e9e204436c093ed217fe577904ba
;;1,29585E+18;1,29585E+18;1-06311dcdcbd12ed0b429d2c6cc8d35d7
;;1,29585E+18;1,29585E+18;1-b1db03a0b8617405169606208f113f5c
;;1,29585E+18;1,29585E+18;1-ce5898daa8fa0857691c215c9733bb40
;;1,29585E+18;1,29585E+18;1-1b290193ac3b44f44de3e97ffe3032cb
;;1,29585E+18;1,29585E+18;1-353e59dea410c69d35375a4ddc2d6545
;;1,29585E+18;1,29585E+18;1-62ba8c3df9e126fcde06e8bc61b4c2b2
;;1,29585E+18;1,29585E+18;1-75bc137450f8d4a11f5d5eb45ff43d25
;;1,29585E+18;1,29585E+18;1-f3ee5c15289a22a6d70d6d738e558a47
;;1,29585E+18;1,29585E+18;1-3c778d031da3ed4d5cd9db094723baaa
;;1,29585E+18;1,29585E+18;1-6b7009748d25926213132758ac2a6e14
;;1,29585E+18;1,29585E+18;1-baa6fc152a7d84f8742675a8113627a4
;;1,29585E+18;1,29585E+18;1-b4eadbfb4d630671a64b15bfcf679731
;;1,29585E+18;1,29585E+18;1-2bb87413cbc69c6ceae84fc0d9e556eb
;;1,29585E+18;1,29585E+18;1-282d7fce9c8756875be5a267c9904d78
;;1,29585E+18;1,29585E+18;1-1733e7d5f6a15c1d305e3ae35e5876e4
;;1,29585E+18;1,29585E+18;1-096860c1a3fee13c659d257542bd9e12
;;1,29585E+18;1,29585E+18;1-175157b646a151d8d5178942fc16f390
;;1,29585E+18;1,29585E+18;1-ae9c34e7fc12c7f79ae9db8b8e521276
;;1,29585E+18;1,29585E+18;1-7bfce2a79bd0e5b46a7f2e70a84ce2c9
;;1,29585E+18;1,29585E+18;1-bac74d60091377ab557064a4b6460047
;;1,29585E+18;1,29585E+18;1-2799e2016e45552856be187d71ef62f0
;;1,29585E+18;1,29585E+18;1-89fe8bd9372f1806f4b73580827c0e2a
;;1,29585E+18;1,29585E+18;1-764f8a5dba46992bb14f118271a305e0
;;1,29585E+18;1,29585E+18;1-6bca63c777cd350fccc4f956984504d9
;;1,29585E+18;1,29585E+18;1-fa499a404c2722b598f2817fb9e531ad
;;1,29585E+18;1,29585E+18;1-22b74d575352f842d70541d28165ab9a
;;1,29585E+18;1,29585E+18;1-5df00db6e7698d0bca6bbca8431da4b3
;;1,29585E+18;1,29585E+18;1-8815cd1964eac4ad422e06c7bafbebe1
;;1,29585E+18;1,29585E+18;1-4b994ae0cce4c89939a7bc4befce6893
;;1,29585E+18;1,29585E+18;1-2097f87320c6d4fbf9c06af670c962f6
;;1,29585E+18;1,29585E+18;1-e100f7e78add22877c85b37b4f206b24
;;1,29585E+18;1,29585E+18;1-98bb6fcf9b88dbe2f46c3cd6ebbc66a0
;;1,29585E+18;1,29585E+18;1-064f69a7e8d94288cfb1e9ceb0d67aa9
;;1,29585E+18;1,29585E+18;1-530e0652ac79fe5493b44f770f1a8a0e
;;1,29585E+18;1,29585E+18;1-7ec858fff777073667c15b83de53be44
;;1,29585E+18;1,29585E+18;1-972e37127f69be056d20b0f98bc932ff
;;1,29585E+18;1,29585E+18;1-6c40408998facd6e7478b4c89ce31f03
;;1,29585E+18;1,29585E+18;1-781e9a81c30e4d46e7c2360a6d7614ba
;;1,29585E+18;1,29585E+18;1-890320a368484627e57ede3311bc71f2
;;1,29585E+18;1,29585E+18;1-7121786430a22e0ab0aeb0e5789714e2
;;1,29585E+18;1,29585E+18;1-9b291560fe6e1505cc73cce7eb38e64a
;;1,29585E+18;1,29585E+18;1-5700155772489d2ccc03fec283f9c53f
;;1,29585E+18;1,29585E+18;1-6864c406aab899fdc5084976f0b5a4a8
;;1,29585E+18;1,29585E+18;1-702441e71ba044e74e317fb2bbf71eb0
;;1,29585E+18;1,29585E+18;1-0e1bae8d689d6ee57b6d95ec4b7e3f40
;;1,29585E+18;1,29585E+18;1-96af4de1265b2b55ae899e137545383f
;;1,29585E+18;1,29585E+18;1-9c287a93534551cf05f2b9be37cd7e0c
;;1,29585E+18;1,29585E+18;1-1d67934229d9b0246e653ad4301f438c
;;1,29585E+18;1,29585E+18;1-44ea6e959674643439373cbdea1d1ea0
;;1,29585E+18;1,29585E+18;1-3f3844630e7b91fc00529d7afcb860de
;;1,29585E+18;1,29585E+18;1-e6c1eb625292a0ac7910bd5988b45855
;;1,29585E+18;1,29585E+18;1-e81c7bab4e5398efddfaefae97a80bd6
;;1,29585E+18;1,29585E+18;1-d46a919446997390e5a8b19d6f486670
;;1,29585E+18;1,29585E+18;1-0e726ea0e0d135ee6258cb5f4a374c1e
;;1,29585E+18;1,29585E+18;1-0b9fac5c107dd901790e3a8d9f71e488
;;1,29585E+18;1,29585E+18;1-653272c10c996390dbab33d2b3cb91aa
;;1,29585E+18;1,29585E+18;1-d4ee7ad7654eec21c0ecd18403d34116
;;1,29585E+18;1,29585E+18;1-e9f5105786e128e37cb204f3595d4716
;;1,29585E+18;1,29585E+18;1-641f729b9fc59f7fb8f01ab1fffd3e4a
;;1,29585E+18;1,29585E+18;1-9ee8be3ded6f129f35b948e6b9961140
;;1,29585E+18;1,29585E+18;1-15def6a61f833be67f021532a84d5256
;;1,29585E+18;1,29585E+18;1-8f7e508f385f1c31345671a7e784bf29
;;1,29585E+18;1,29585E+18;1-f50a0a3d93f2c7950849a650e3435add
;;1,29585E+18;1,29585E+18;1-2606ea8bde42c9cf5a9b5a9cbb1fe9c4
;;1,29585E+18;1,29585E+18;1-896e318633536a164841fea8ec4dfbc3
;;1,29585E+18;1,29585E+18;1-fefb1e14d79986af9cdc50ab0dbeb00d
;;1,29585E+18;1,29585E+18;1-2cf32106ba9e01f18cf0bf9ee45cce91
;;1,29585E+18;1,29585E+18;1-2a4508c17d391b34bfa9872e968cb079
;;1,29585E+18;1,29585E+18;1-b3ec44dd9f7e1e1b45965b70caeacb07
;;1,29585E+18;1,29585E+18;1-433c2e3524eef85b17344b7c8afb7aed
;;1,29585E+18;1,29585E+18;1-a232300d8e9ca9fcc878e32f3f0ba981
;;1,29585E+18;1,29585E+18;1-3a331a696861a05f35aa53fe0f19fdb2
;;1,29585E+18;1,29585E+18;1-d03915028cb3e883bf07de61dca654b8
;;1,29585E+18;1,29585E+18;1-c052582a39b5ea2fc570c725d7f132e1
;;1,29585E+18;1,29585E+18;1-9f1a6b404691a935f4a75040ff241699
;;1,29585E+18;1,29585E+18;1-7923a2d61454f4404b821f76cfd1efeb
;;1,29585E+18;1,29585E+18;1-6bbab478b8fe67e8bcfc885375ac67d2
;;1,29585E+18;1,29585E+18;1-4ff169b8bc7be751d5088c9d653a2dca
;;1,29585E+18;1,29585E+18;1-b1f61f8f97ee43ef54f852798e1b9ecf
;;1,29585E+18;1,29585E+18;1-efed26a7a17f1e6443051aa6a9b738ef
;;1,29585E+18;1,29585E+18;1-71e41589723f47696c312313bc9f9745
;;1,29585E+18;1,29585E+18;1-744465c8ddfd9a87f947bd6ab1cb86b1
;;1,29585E+18;1,29585E+18;1-4aa603d02ec6b2db9b7ef5c449869fe3
;;1,29585E+18;1,29585E+18;1-2421d7166fc2cd00e975e1f14dbd91b7
;;1,29585E+18;1,29585E+18;1-3188bd268ba0c61de8765a0964cd6c68
;;1,29585E+18;1,29585E+18;1-21a9fde59a1b21a1f820dba1f23cdac7
;;1,29585E+18;1,29585E+18;1-635626a8955493e2d38cf867474ab7a9
;;1,29585E+18;1,29585E+18;1-dd99aaa926aefd2c54d1d3c4db4be4cf
;;1,29585E+18;1,29585E+18;1-6bacedb9ae91ac29d11f39c976332e95
;;1,29585E+18;1,29585E+18;1-be237b6a1f6feec2105ca92f100b7080
;;1,29585E+18;1,29585E+18;1-1410c03bf0695a50b72046177c768d05
;;1,29585E+18;1,29585E+18;1-503369011f851f395ce41ded5e7faa8c
;;1,29585E+18;1,29585E+18;1-d9e9af8e82fda19a594133409f4d0d3c
;;1,29585E+18;1,29585E+18;1-84e3215bcd660e8fb66734fbbc45620b
;;1,29585E+18;1,29585E+18;1-730639e124bce4a0ca580546ab065347
;;1,29585E+18;1,29585E+18;1-4f96673addafa086e12ca8a77738b2b0
;;1,29585E+18;1,29585E+18;1-8bda93796f3a50cb87b0cb2719266a69
;;1,29585E+18;1,29585E+18;1-2bc8af363b798c242f7a2232ca939eb5
;;1,29585E+18;1,29585E+18;1-4e370c2bed892ea6693f30e36eeda391
;;1,29585E+18;1,29585E+18;1-6f48253f1841ebea2a83a9907c73e1e2
;;1,29585E+18;1,29585E+18;1-5db0c1925fe1ec6dc5a4bba5cfbb3ec9
;;1,29585E+18;1,29585E+18;1-842e9ba57ce949c16498009b1df5d59b
;;1,29585E+18;1,29585E+18;1-9c7df7a43412fbcf018b8faf55b9f396
;;1,29585E+18;1,29585E+18;1-b919a2ceb2ed658e10146e38308a2f5c
;;1,29585E+18;1,29585E+18;1-fd55ed30f843f515d6a337e29f9ddf69
;;1,29585E+18;1,29585E+18;1-0db29906dfe4ad206590425efd9be544
;;1,29585E+18;1,29585E+18;1-93da39ab268bd164bf5b65087a676ce6
;;1,29585E+18;1,29585E+18;1-131390216250a23e4145d5ea8f39c9de
;;1,29585E+18;1,29585E+18;1-bfce67fa35ee49ea7649fddc5f0ee6f8
;;1,29585E+18;1,29585E+18;1-4064d5ba813b0857b550e9e9e50b5b7a
;;1,29585E+18;1,29585E+18;1-839eebb1bfb061b4c158e530fe69210a
;;1,29585E+18;1,29585E+18;1-085e04bff831d29c1da80d34a79732c0
;;1,29585E+18;1,29585E+18;1-1626d42501fcfa6330ded176461571d8
;;1,29585E+18;1,29585E+18;1-dad0726307c523effc9621b311a53cd8
;;1,29585E+18;1,29585E+18;1-8ef11a8028ea881ba9e5ea629b73ef03
;;1,29585E+18;1,29585E+18;1-5474b18e8ef69f330d732e0de56fcde5
;;1,29585E+18;1,29585E+18;1-3c0a3b216ac2c6a86436cb5f2f908ee1
;;1,29585E+18;1,29585E+18;1-1dfb0b50307e87f882fe369442c0aab0
;;1,29585E+18;1,29585E+18;1-ecc61ced837b3d861e7e26adab4f5ef8
;;1,29585E+18;1,29585E+18;1-4f2e30f8245f7b054d77746280ac5219
;;1,29585E+18;1,29585E+18;1-42634dd071bc30496156d70dc0bb5777
;;1,29585E+18;1,29585E+18;1-f591edbcdb3cc149f9d12db59fe72edf
;;1,29585E+18;1,29585E+18;1-f8b559ff50b46f4e733758eb9c226869
;;_design/prueba;_design/prueba;1-6e754bbb845a59665eee1971bc47f74a
